image_filename,group_id,category,line_error,dark_fraction
sample_000001_original.png,medium_y_negative_003__000014,strong_negative,-0.2652046635465802,0.1861328125
sample_000002_mirrored.png,medium_y_negative_003__000014,strong_positive,0.2652046635465802,0.1861328125
sample_000003_original.png,recovery_y_positive_005__000027,medium_positive,0.156080905746364,0.20690104166666667
sample_000004_mirrored.png,recovery_y_positive_005__000027,medium_negative,-0.156080905746364,0.20690104166666667
sample_000005_original.png,recovery_y_positive_005__000009,strong_positive,0.4738816555191136,0.2021484375
sample_000006_mirrored.png,recovery_y_positive_005__000009,strong_negative,-0.4738816555191136,0.2021484375
sample_000007_original.png,run_20260720_210122__000457,centre,-0.0059529430461379715,0.1826171875
sample_000008_mirrored.png,run_20260720_210122__000457,centre,0.0059529430461379715,0.1826171875
sample_000009_original.png,recovery_y_positive_005__000069,medium_negative,-0.06141653000933569,0.20520833333333333
sample_000010_mirrored.png,recovery_y_positive_005__000069,medium_positive,0.06141653000933569,0.20520833333333333
sample_000011_original.png,run_20260720_210122__000308,centre,0.03345878169221698,0.184765625
sample_000012_mirrored.png,run_20260720_210122__000308,centre,-0.03345878169221698,0.184765625
sample_000013_original.png,recovery_y_positive_005__000088,medium_negative,-0.07574270956171383,0.20397135416666667
sample_000014_mirrored.png,recovery_y_positive_005__000088,medium_positive,0.07574270956171383,0.20397135416666667
sample_000015_original.png,recovery_y_negative_005__000038,medium_negative,-0.1160994235824489,0.18873697916666668
sample_000016_mirrored.png,recovery_y_negative_005__000038,medium_positive,0.1160994235824489,0.18873697916666668
sample_000017_original.png,run_20260720_210122__000086,centre,-0.03082486518523978,0.1857421875
sample_000018_mirrored.png,run_20260720_210122__000086,centre,0.03082486518523978,0.1857421875
sample_000019_original.png,medium_y_positive_003__000001,strong_positive,0.29423810850899174,0.15240885416666666
sample_000020_mirrored.png,medium_y_positive_003__000001,strong_negative,-0.2942380605253783,0.15240885416666666
sample_000021_original.png,medium_y_positive_003__000044,centre,-0.005146914308176101,0.19427083333333334
sample_000022_mirrored.png,medium_y_positive_003__000044,centre,0.005146914308176101,0.19427083333333334
sample_000023_original.png,recovery_y_positive_005__000033,medium_positive,0.0949178251830287,0.208203125
sample_000024_mirrored.png,recovery_y_positive_005__000033,medium_negative,-0.0949178251830287,0.208203125
sample_000025_original.png,run_20260720_210122__000279,centre,0.030092635244693397,0.1875
sample_000026_mirrored.png,run_20260720_210122__000279,centre,-0.030092635244693397,0.1875
sample_000027_original.png,recovery_y_positive_005__000067,medium_negative,-0.058534058384925314,0.20533854166666668
sample_000028_mirrored.png,recovery_y_positive_005__000067,medium_positive,0.058534058384925314,0.20533854166666668
sample_000029_original.png,run_20260720_210122__000406,centre,0.01904085747101022,0.18463541666666666
sample_000030_mirrored.png,run_20260720_210122__000406,centre,-0.01904085747101022,0.18463541666666666
sample_000031_original.png,run_20260720_210122__000449,centre,-0.0066253854043828615,0.18274739583333333
sample_000032_mirrored.png,run_20260720_210122__000449,centre,0.0066253854043828615,0.18274739583333333
sample_000033_original.png,run_20260720_210122__000001,medium_negative,-0.060684396036016115,0.17259114583333332
sample_000034_mirrored.png,run_20260720_210122__000001,medium_positive,0.060684396036016115,0.17259114583333332
sample_000035_original.png,run_20260720_210122__000251,centre,0.0236874946258353,0.185546875
sample_000036_mirrored.png,run_20260720_210122__000251,centre,-0.0236874946258353,0.185546875
sample_000037_original.png,run_20260720_210122__000335,centre,0.03244104925191627,0.1869140625
sample_000038_mirrored.png,run_20260720_210122__000335,centre,-0.03244104925191627,0.1869140625
sample_000039_original.png,recovery_y_negative_005__000020,strong_negative,-0.31793731113649765,0.18893229166666667
sample_000040_mirrored.png,recovery_y_negative_005__000020,strong_positive,0.31793731113649765,0.18893229166666667
sample_000041_original.png,recovery_y_positive_005__000003,strong_positive,0.7753403381731525,0.21178385416666667
sample_000042_mirrored.png,recovery_y_positive_005__000003,strong_negative,-0.7753404101485726,0.21178385416666667
sample_000043_original.png,medium_y_negative_003__000028,medium_negative,-0.132734958480739,0.1837890625
sample_000044_mirrored.png,medium_y_negative_003__000028,medium_positive,0.132734958480739,0.1837890625
sample_000045_original.png,recovery_y_positive_005__000084,medium_negative,-0.07433870903351023,0.20455729166666667
sample_000046_mirrored.png,recovery_y_positive_005__000084,medium_positive,0.07433870903351023,0.20455729166666667
sample_000047_original.png,run_20260720_210122__000017,centre,-0.03443419258549528,0.18391927083333334
sample_000048_mirrored.png,run_20260720_210122__000017,centre,0.03443419258549528,0.18391927083333334
sample_000049_original.png,run_20260720_210122__000255,centre,0.023299882996757077,0.18606770833333333
sample_000050_mirrored.png,run_20260720_210122__000255,centre,-0.023299882996757077,0.18606770833333333
sample_000051_original.png,medium_y_positive_003__000012,strong_positive,0.20912583069231525,0.19453125
sample_000052_mirrored.png,medium_y_positive_003__000012,strong_negative,-0.20912583069231525,0.19453125
sample_000053_original.png,run_20260720_210122__000099,centre,-0.030366237808323506,0.1849609375
sample_000054_mirrored.png,run_20260720_210122__000099,centre,0.030366237808323506,0.1849609375
sample_000055_original.png,medium_y_negative_003__000019,strong_negative,-0.20769755045572916,0.18515625
sample_000056_mirrored.png,medium_y_negative_003__000019,strong_positive,0.20769755045572916,0.18515625
sample_000057_original.png,medium_y_positive_003__000061,medium_negative,-0.03679863311959512,0.19309895833333332
sample_000058_mirrored.png,medium_y_positive_003__000061,medium_positive,0.03679863311959512,0.19309895833333332
sample_000059_original.png,medium_y_positive_003__000034,centre,0.03299314870774371,0.19485677083333333
sample_000060_mirrored.png,medium_y_positive_003__000034,centre,-0.03299314870774371,0.19485677083333333
sample_000061_original.png,recovery_y_positive_005__000019,strong_positive,0.26221000623403107,0.20358072916666667
sample_000062_mirrored.png,recovery_y_positive_005__000019,strong_negative,-0.2622100542176445,0.20358072916666667
sample_000063_original.png,recovery_y_negative_005__000027,strong_negative,-0.22093143103257665,0.1890625
sample_000064_mirrored.png,recovery_y_negative_005__000027,strong_positive,0.22093143103257665,0.1890625
sample_000065_original.png,recovery_y_positive_005__000053,medium_negative,-0.025042935737273977,0.2078125
sample_000066_mirrored.png,recovery_y_positive_005__000053,medium_positive,0.025042935737273977,0.2078125
sample_000067_original.png,run_20260720_210122__000053,centre,-0.023093073622985457,0.18606770833333333
sample_000068_mirrored.png,run_20260720_210122__000053,centre,0.023093073622985457,0.18606770833333333
sample_000069_original.png,medium_y_negative_003__000004,strong_negative,-0.5413639860333137,0.20833333333333334
sample_000070_mirrored.png,medium_y_negative_003__000004,strong_positive,0.5413639860333137,0.20833333333333334
sample_000071_original.png,recovery_y_negative_005__000033,medium_negative,-0.156998928238011,0.18919270833333332
sample_000072_mirrored.png,recovery_y_negative_005__000033,medium_positive,0.156998928238011,0.18919270833333332
sample_000073_original.png,recovery_y_positive_005__000075,medium_negative,-0.06892270262136399,0.20494791666666667
sample_000074_mirrored.png,recovery_y_positive_005__000075,medium_positive,0.06892270262136399,0.20494791666666667
sample_000075_original.png,recovery_y_positive_005__000016,strong_positive,0.3127759057770735,0.20260416666666667
sample_000076_mirrored.png,recovery_y_positive_005__000016,strong_negative,-0.3127758577934601,0.20260416666666667
sample_000077_original.png,medium_y_positive_003__000062,medium_negative,-0.03723154127972681,0.19322916666666667
sample_000078_mirrored.png,medium_y_positive_003__000062,medium_positive,0.03723154127972681,0.19322916666666667
sample_000079_original.png,medium_y_negative_003__000024,medium_negative,-0.16199526996732508,0.183984375
sample_000080_mirrored.png,medium_y_negative_003__000024,medium_positive,0.16199526996732508,0.183984375
sample_000081_original.png,run_20260720_210122__000234,centre,0.02938564468479756,0.184375
sample_000082_mirrored.png,run_20260720_210122__000234,centre,-0.02938564468479756,0.184375
sample_000083_original.png,medium_y_positive_003__000033,centre,0.037706387117973666,0.19479166666666667
sample_000084_mirrored.png,medium_y_positive_003__000033,centre,-0.037706387117973666,0.19479166666666667
sample_000085_original.png,recovery_y_positive_005__000024,medium_positive,0.19197984611463248,0.2060546875
sample_000086_mirrored.png,recovery_y_positive_005__000024,medium_negative,-0.19197984611463248,0.2060546875
sample_000087_original.png,run_20260720_210122__000070,centre,-0.02607947775402909,0.1869140625
sample_000088_mirrored.png,run_20260720_210122__000070,centre,0.02607947775402909,0.1869140625
sample_000089_original.png,recovery_y_negative_005__000028,strong_negative,-0.20865324008389838,0.18880208333333334
sample_000090_mirrored.png,recovery_y_negative_005__000028,strong_positive,0.208653192100285,0.18880208333333334
sample_000091_original.png,recovery_y_negative_005__000043,medium_negative,-0.08238997549380896,0.18880208333333334
sample_000092_mirrored.png,recovery_y_negative_005__000043,medium_positive,0.08238997549380896,0.18880208333333334
sample_000093_original.png,recovery_y_negative_005__000009,strong_negative,-0.5688092693592768,0.19368489583333334
sample_000094_mirrored.png,recovery_y_negative_005__000009,strong_positive,0.5688092693592768,0.19368489583333334
sample_000095_original.png,recovery_y_positive_005__000068,medium_negative,-0.05998968928115173,0.20533854166666668
sample_000096_mirrored.png,recovery_y_positive_005__000068,medium_positive,0.05998968928115173,0.20533854166666668
sample_000097_original.png,run_20260720_210122__000008,medium_negative,-0.04302009246634238,0.18658854166666666
sample_000098_mirrored.png,run_20260720_210122__000008,medium_positive,0.04302009246634238,0.18658854166666666
sample_000099_original.png,recovery_y_positive_005__000057,medium_negative,-0.037555718571884826,0.2068359375
sample_000100_mirrored.png,recovery_y_positive_005__000057,medium_positive,0.037555718571884826,0.2068359375
sample_000101_original.png,run_20260720_210122__000432,centre,-0.0007477766312893082,0.183984375
sample_000102_mirrored.png,run_20260720_210122__000432,centre,0.0007477766312893082,0.183984375
sample_000103_original.png,medium_y_positive_003__000020,medium_positive,0.1245223711121757,0.19407552083333332
sample_000104_mirrored.png,medium_y_positive_003__000020,medium_negative,-0.1245223711121757,0.19407552083333332
sample_000105_original.png,run_20260720_210122__000160,centre,0.00960727907576651,0.18313802083333333
sample_000106_mirrored.png,run_20260720_210122__000160,centre,-0.00960727907576651,0.18313802083333333
sample_000107_original.png,run_20260720_210122__000345,centre,0.032950731193494495,0.18782552083333334
sample_000108_mirrored.png,run_20260720_210122__000345,centre,-0.032950731193494495,0.18782552083333334
sample_000109_original.png,run_20260720_210122__000191,centre,0.01356352800093357,0.18541666666666667
sample_000110_mirrored.png,run_20260720_210122__000191,centre,-0.01356352800093357,0.18541666666666667
sample_000111_original.png,run_20260720_210122__000096,centre,-0.03055442954009434,0.18450520833333334
sample_000112_mirrored.png,run_20260720_210122__000096,centre,0.03055442954009434,0.18450520833333334
sample_000113_original.png,recovery_y_negative_005__000012,strong_negative,-0.4763368330661606,0.191015625
sample_000114_mirrored.png,recovery_y_negative_005__000012,strong_positive,0.47633688104977395,0.191015625
sample_000115_original.png,run_20260720_210122__000004,medium_negative,-0.05087155516042649,0.19329427083333334
sample_000116_mirrored.png,run_20260720_210122__000004,medium_positive,0.05087155516042649,0.19329427083333334
sample_000117_original.png,medium_y_negative_003__000039,medium_negative,-0.07297655021619497,0.18346354166666667
sample_000118_mirrored.png,medium_y_negative_003__000039,medium_positive,0.07297655021619497,0.18346354166666667
sample_000119_original.png,recovery_y_positive_005__000089,medium_negative,-0.0759759099228577,0.20384114583333332
sample_000120_mirrored.png,recovery_y_positive_005__000089,medium_positive,0.0759759099228577,0.20384114583333332
sample_000121_original.png,medium_y_positive_003__000007,strong_positive,0.29915719662072526,0.19876302083333333
sample_000122_mirrored.png,medium_y_positive_003__000007,strong_negative,-0.2991572446043386,0.19876302083333333
sample_000123_original.png,recovery_y_negative_005__000089,centre,0.030104247279137186,0.18912760416666666
sample_000124_mirrored.png,recovery_y_negative_005__000089,centre,-0.030104247279137186,0.18912760416666666
sample_000125_original.png,recovery_y_positive_005__000090,medium_negative,-0.07657522525427476,0.2037109375
sample_000126_mirrored.png,recovery_y_positive_005__000090,medium_positive,0.07657522525427476,0.2037109375
sample_000127_original.png,recovery_y_positive_005__000058,medium_negative,-0.04012859992261203,0.20638020833333334
sample_000128_mirrored.png,recovery_y_positive_005__000058,medium_positive,0.04012859992261203,0.20638020833333334
sample_000129_original.png,medium_y_negative_003__000056,centre,-0.0214550090285967,0.18359375
sample_000130_mirrored.png,medium_y_negative_003__000056,centre,0.0214550090285967,0.18359375
sample_000131_original.png,recovery_y_positive_005__000085,medium_negative,-0.07471586023486636,0.20423177083333333
sample_000132_mirrored.png,recovery_y_positive_005__000085,medium_positive,0.07471586023486636,0.20423177083333333
sample_000133_original.png,run_20260720_210122__000079,centre,-0.030339366984817217,0.18639322916666667
sample_000134_mirrored.png,run_20260720_210122__000079,centre,0.030339366984817217,0.18639322916666667
sample_000135_original.png,medium_y_negative_003__000002,strong_negative,-0.46596531897970717,0.17584635416666666
sample_000136_mirrored.png,medium_y_negative_003__000002,strong_positive,0.46596531897970717,0.17584635416666666
sample_000137_original.png,run_20260720_210122__000428,centre,0.0012480537846403302,0.184375
sample_000138_mirrored.png,run_20260720_210122__000428,centre,-0.0012480537846403302,0.184375
sample_000139_original.png,recovery_y_negative_005__000001,strong_negative,-0.6462139633466613,0.1560546875
sample_000140_mirrored.png,recovery_y_negative_005__000001,strong_positive,0.6462139393548546,0.1560546875
sample_000141_original.png,recovery_y_negative_005__000013,strong_negative,-0.4519089992691136,0.19069010416666668
sample_000142_mirrored.png,recovery_y_negative_005__000013,strong_positive,0.4519089992691136,0.19069010416666668
sample_000143_original.png,run_20260720_210122__000415,centre,0.012329869300314466,0.184375
sample_000144_mirrored.png,run_20260720_210122__000415,centre,-0.012329869300314466,0.184375
sample_000145_original.png,run_20260720_210122__000316,centre,0.03162340847951061,0.18515625
sample_000146_mirrored.png,run_20260720_210122__000316,centre,-0.03162340847951061,0.18515625
sample_000147_original.png,run_20260720_210122__000084,centre,-0.03111631765305621,0.18600260416666667
sample_000148_mirrored.png,run_20260720_210122__000084,centre,0.03111631765305621,0.18600260416666667
sample_000149_original.png,run_20260720_210122__000278,centre,0.029108779235455975,0.18776041666666668
sample_000150_mirrored.png,run_20260720_210122__000278,centre,-0.029108779235455975,0.18776041666666668
sample_000151_original.png,medium_y_negative_003__000040,medium_negative,-0.06895014924823113,0.18333333333333332
sample_000152_mirrored.png,medium_y_negative_003__000040,medium_positive,0.06895014924823113,0.18333333333333332
sample_000153_original.png,recovery_y_positive_005__000087,medium_negative,-0.07555787668288129,0.20423177083333333
sample_000154_mirrored.png,recovery_y_positive_005__000087,medium_positive,0.07555787668288129,0.20423177083333333
sample_000155_original.png,recovery_y_negative_005__000003,strong_negative,-0.846212830933385,0.15377604166666667
sample_000156_mirrored.png,recovery_y_negative_005__000003,strong_positive,0.846212902908805,0.15377604166666667
sample_000157_original.png,run_20260720_210122__000100,centre,-0.029911257186025945,0.18509114583333333
sample_000158_mirrored.png,run_20260720_210122__000100,centre,0.029911257186025945,0.18509114583333333
sample_000159_original.png,recovery_y_positive_005__000010,strong_positive,0.4434989113477791,0.2013671875
sample_000160_mirrored.png,recovery_y_positive_005__000010,strong_negative,-0.4434989113477791,0.2013671875
sample_000161_original.png,recovery_y_positive_005__000078,medium_negative,-0.07090221860873624,0.20475260416666666
sample_000162_mirrored.png,recovery_y_positive_005__000078,medium_positive,0.07090221860873624,0.20475260416666666
sample_000163_original.png,run_20260720_210122__000282,centre,0.030691470739976415,0.18763020833333333
sample_000164_mirrored.png,run_20260720_210122__000282,centre,-0.030691470739976415,0.18763020833333333
sample_000165_original.png,recovery_y_positive_005__000001,strong_positive,0.52858249496364,0.1546875
sample_000166_mirrored.png,recovery_y_positive_005__000001,strong_negative,-0.5285824469800265,0.1546875
sample_000167_original.png,recovery_y_negative_005__000032,medium_negative,-0.16662338544737618,0.1890625
sample_000168_mirrored.png,recovery_y_negative_005__000032,medium_positive,0.16662338544737618,0.1890625
sample_000169_original.png,recovery_y_negative_005__000035,medium_negative,-0.1395992063126474,0.18873697916666668
sample_000170_mirrored.png,recovery_y_negative_005__000035,medium_positive,0.1395992063126474,0.18873697916666668
sample_000171_original.png,run_20260720_210122__000124,centre,-0.014394220316185142,0.18470052083333333
sample_000172_mirrored.png,run_20260720_210122__000124,centre,0.014394220316185142,0.18470052083333333
sample_000173_original.png,run_20260720_210122__000075,centre,-0.028914157699488994,0.18723958333333332
sample_000174_mirrored.png,run_20260720_210122__000075,centre,0.028914157699488994,0.18723958333333332
sample_000175_original.png,recovery_y_negative_005__000079,centre,0.023361493956367923,0.18971354166666668
sample_000176_mirrored.png,recovery_y_negative_005__000079,centre,-0.023361493956367923,0.18971354166666668
sample_000177_original.png,recovery_y_negative_005__000054,centre,-0.02952364555694772,0.18951822916666666
sample_000178_mirrored.png,recovery_y_negative_005__000054,centre,0.02952364555694772,0.18951822916666666
sample_000179_original.png,recovery_y_negative_005__000029,strong_negative,-0.1971776230530169,0.1890625
sample_000180_mirrored.png,recovery_y_negative_005__000029,strong_positive,0.1971776230530169,0.1890625
sample_000181_original.png,run_20260720_210122__000093,centre,-0.030497425007370283,0.18463541666666666
sample_000182_mirrored.png,run_20260720_210122__000093,centre,0.030497425007370283,0.18463541666666666
sample_000183_original.png,recovery_y_positive_005__000072,medium_negative,-0.0655388982041077,0.20520833333333333
sample_000184_mirrored.png,recovery_y_positive_005__000072,medium_positive,0.0655388982041077,0.20520833333333333
sample_000185_original.png,medium_y_negative_003__000005,strong_negative,-0.4796555237200275,0.20201822916666667
sample_000186_mirrored.png,medium_y_negative_003__000005,strong_positive,0.4796555237200275,0.20201822916666667
sample_000187_original.png,run_20260720_210122__000152,centre,0.007976220088934748,0.183984375
sample_000188_mirrored.png,run_20260720_210122__000152,centre,-0.007976220088934748,0.183984375
sample_000189_original.png,run_20260720_210122__000357,centre,0.034399836318297954,0.18828125
sample_000190_mirrored.png,run_20260720_210122__000357,centre,-0.034399836318297954,0.18828125
sample_000191_original.png,recovery_y_negative_005__000052,centre,-0.03764304874828027,0.1896484375
sample_000192_mirrored.png,recovery_y_negative_005__000052,centre,0.03764304874828027,0.1896484375
sample_000193_original.png,medium_y_positive_003__000016,medium_positive,0.1625367170609768,0.19407552083333332
sample_000194_mirrored.png,medium_y_positive_003__000016,medium_negative,-0.1625367170609768,0.19407552083333332
sample_000195_original.png,recovery_y_positive_005__000011,strong_positive,0.4171880566099155,0.20143229166666668
sample_000196_mirrored.png,recovery_y_positive_005__000011,strong_negative,-0.4171880566099155,0.20143229166666668
sample_000197_original.png,medium_y_negative_003__000041,medium_negative,-0.06488987184920401,0.18352864583333334
sample_000198_mirrored.png,medium_y_negative_003__000041,medium_positive,0.06488987184920401,0.18352864583333334
sample_000199_original.png,recovery_y_positive_005__000018,strong_positive,0.2793812301923644,0.20305989583333334
sample_000200_mirrored.png,recovery_y_positive_005__000018,strong_negative,-0.27938118220875097,0.20305989583333334
sample_000201_original.png,run_20260720_210122__000139,centre,-0.0026567567069575473,0.18463541666666666
sample_000202_mirrored.png,run_20260720_210122__000139,centre,0.0026567567069575473,0.18463541666666666
sample_000203_original.png,run_20260720_210122__000170,centre,0.009317458050805817,0.1828125
sample_000204_mirrored.png,run_20260720_210122__000170,centre,-0.009317458050805817,0.1828125
sample_000205_original.png,run_20260720_210122__000271,centre,0.026077654376719734,0.18684895833333334
sample_000206_mirrored.png,run_20260720_210122__000271,centre,-0.026077654376719734,0.18684895833333334
sample_000207_original.png,medium_y_positive_003__000052,centre,-0.02317080707670008,0.1935546875
sample_000208_mirrored.png,medium_y_positive_003__000052,centre,0.02317080707670008,0.1935546875
sample_000209_original.png,medium_y_positive_003__000015,medium_positive,0.17291586054196148,0.194140625
sample_000210_mirrored.png,medium_y_positive_003__000015,medium_negative,-0.17291586054196148,0.194140625
sample_000211_original.png,recovery_y_negative_005__000082,centre,0.02623129790683962,0.18984375
sample_000212_mirrored.png,recovery_y_negative_005__000082,centre,-0.02623129790683962,0.18984375
sample_000213_original.png,medium_y_negative_003__000044,centre,-0.054065728337509826,0.18359375
sample_000214_mirrored.png,medium_y_negative_003__000044,centre,0.054065728337509826,0.18359375
sample_000215_original.png,recovery_y_negative_005__000085,centre,0.02818826159591195,0.1892578125
sample_000216_mirrored.png,recovery_y_negative_005__000085,centre,-0.02818826159591195,0.1892578125
sample_000217_original.png,run_20260720_210122__000155,centre,0.008934356881387578,0.18359375
sample_000218_mirrored.png,run_20260720_210122__000155,centre,-0.008934356881387578,0.18359375
sample_000219_original.png,run_20260720_210122__000266,centre,0.024484214542796777,0.18678385416666668
sample_000220_mirrored.png,run_20260720_210122__000266,centre,-0.024484214542796777,0.18678385416666668
sample_000221_original.png,run_20260720_210122__000085,centre,-0.030596559152663128,0.1859375
sample_000222_mirrored.png,run_20260720_210122__000085,centre,0.030596559152663128,0.1859375
sample_000223_original.png,medium_y_negative_003__000020,strong_negative,-0.1972712870663817,0.1845703125
sample_000224_mirrored.png,medium_y_negative_003__000020,strong_positive,0.1972712870663817,0.1845703125
sample_000225_original.png,run_20260720_210122__000151,centre,0.006881042096599843,0.18404947916666667
sample_000226_mirrored.png,run_20260720_210122__000151,centre,-0.006881042096599843,0.18404947916666667
sample_000227_original.png,recovery_y_positive_005__000013,strong_positive,0.37057331972901925,0.20149739583333334
sample_000228_mirrored.png,recovery_y_positive_005__000013,strong_negative,-0.37057336771263266,0.20149739583333334
sample_000229_original.png,run_20260720_210122__000424,centre,0.00533059558028695,0.18450520833333334
sample_000230_mirrored.png,run_20260720_210122__000424,centre,-0.00533059558028695,0.18450520833333334
sample_000231_original.png,recovery_y_positive_005__000091,medium_negative,-0.07699978426567414,0.20364583333333333
sample_000232_mirrored.png,recovery_y_positive_005__000091,medium_positive,0.07699978426567414,0.20364583333333333
sample_000233_original.png,medium_y_negative_003__000015,strong_negative,-0.25240445886767887,0.18697916666666667
sample_000234_mirrored.png,medium_y_negative_003__000015,strong_positive,0.25240445886767887,0.18697916666666667
sample_000235_original.png,recovery_y_positive_005__000012,strong_positive,0.3923376311296187,0.20110677083333334
sample_000236_mirrored.png,recovery_y_positive_005__000012,strong_negative,-0.3923375831460053,0.20110677083333334
sample_000237_original.png,recovery_y_negative_005__000093,centre,0.03149865108465998,0.18854166666666666
sample_000238_mirrored.png,recovery_y_negative_005__000093,centre,-0.03149865108465998,0.18854166666666666
sample_000239_original.png,recovery_y_negative_005__000023,strong_negative,-0.2726261450809503,0.18919270833333332
sample_000240_mirrored.png,recovery_y_negative_005__000023,strong_positive,0.2726260970973369,0.18919270833333332
sample_000241_original.png,recovery_y_negative_005__000088,centre,0.02935512710667256,0.18873697916666668
sample_000242_mirrored.png,recovery_y_negative_005__000088,centre,-0.02935512710667256,0.18873697916666668
sample_000243_original.png,recovery_y_negative_005__000037,medium_negative,-0.12378073638340212,0.1888671875
sample_000244_mirrored.png,recovery_y_negative_005__000037,medium_positive,0.12378073638340212,0.1888671875
sample_000245_original.png,medium_y_negative_003__000010,strong_negative,-0.3270461844198359,0.1900390625
sample_000246_mirrored.png,medium_y_negative_003__000010,strong_positive,0.3270461364362225,0.1900390625
sample_000247_original.png,recovery_y_positive_005__000025,medium_positive,0.17955314588246854,0.20611979166666666
sample_000248_mirrored.png,recovery_y_positive_005__000025,medium_negative,-0.17955314588246854,0.20611979166666666
sample_000249_original.png,recovery_y_positive_005__000030,medium_positive,0.12319687177550118,0.20826822916666668
sample_000250_mirrored.png,recovery_y_positive_005__000030,medium_negative,-0.12319687177550118,0.20826822916666668
sample_000251_original.png,medium_y_negative_003__000012,strong_negative,-0.29306692447302474,0.1876953125
sample_000252_mirrored.png,medium_y_negative_003__000012,strong_positive,0.29306692447302474,0.1876953125
sample_000253_original.png,run_20260720_210122__000036,centre,-0.021838781968602596,0.1849609375
sample_000254_mirrored.png,run_20260720_210122__000036,centre,0.021838781968602596,0.1849609375
sample_000255_original.png,run_20260720_210122__000090,centre,-0.030670357950078615,0.18463541666666666
sample_000256_mirrored.png,run_20260720_210122__000090,centre,0.030670357950078615,0.18463541666666666
sample_000257_original.png,run_20260720_210122__000067,centre,-0.024879599517246463,0.1873046875
sample_000258_mirrored.png,run_20260720_210122__000067,centre,0.024879599517246463,0.1873046875
sample_000259_original.png,medium_y_positive_003__000014,strong_positive,0.1840561200987618,0.194140625
sample_000260_mirrored.png,medium_y_positive_003__000014,strong_negative,-0.1840561200987618,0.194140625
sample_000261_original.png,medium_y_negative_003__000022,strong_negative,-0.17882398689318002,0.1841796875
sample_000262_mirrored.png,medium_y_negative_003__000022,strong_positive,0.17882398689318002,0.1841796875
sample_000263_original.png,medium_y_negative_003__000023,strong_negative,-0.17051408875663326,0.18411458333333333
sample_000264_mirrored.png,medium_y_negative_003__000023,strong_positive,0.17051408875663326,0.18411458333333333
sample_000265_original.png,recovery_y_positive_005__000071,medium_negative,-0.06454774868563286,0.20514322916666666
sample_000266_mirrored.png,recovery_y_positive_005__000071,medium_positive,0.06454774868563286,0.20514322916666666
sample_000267_original.png,recovery_y_negative_005__000030,strong_negative,-0.1869470368391313,0.1888671875
sample_000268_mirrored.png,recovery_y_negative_005__000030,strong_positive,0.1869470368391313,0.1888671875
sample_000269_original.png,run_20260720_210122__000211,centre,0.02355582759065448,0.18639322916666667
sample_000270_mirrored.png,run_20260720_210122__000211,centre,-0.02355582759065448,0.18639322916666667
sample_000271_original.png,run_20260720_210122__000368,medium_positive,0.03975634304982311,0.18684895833333334
sample_000272_mirrored.png,run_20260720_210122__000368,medium_negative,-0.03975634304982311,0.18684895833333334
sample_000273_original.png,run_20260720_210122__000088,centre,-0.030627748501375788,0.18502604166666667
sample_000274_mirrored.png,run_20260720_210122__000088,centre,0.030627748501375788,0.18502604166666667
sample_000275_original.png,run_20260720_210122__000037,centre,-0.022124476402810535,0.18483072916666668
sample_000276_mirrored.png,run_20260720_210122__000037,centre,0.022124476402810535,0.18483072916666668
sample_000277_original.png,recovery_y_positive_005__000004,strong_positive,0.7288553489829009,0.21041666666666667
sample_000278_mirrored.png,recovery_y_positive_005__000004,strong_negative,-0.7288553249910943,0.21041666666666667
sample_000279_original.png,run_20260720_210122__000362,centre,0.03682425636915291,0.1873046875
sample_000280_mirrored.png,run_20260720_210122__000362,centre,-0.03682425636915291,0.1873046875
sample_000281_original.png,recovery_y_negative_005__000022,strong_negative,-0.2868288627960397,0.18893229166666667
sample_000282_mirrored.png,recovery_y_negative_005__000022,strong_positive,0.2868288627960397,0.18893229166666667
sample_000283_original.png,recovery_y_positive_005__000093,medium_negative,-0.07745812374090999,0.20345052083333334
sample_000284_mirrored.png,recovery_y_positive_005__000093,medium_positive,0.07745812374090999,0.20345052083333334
sample_000285_original.png,medium_y_negative_003__000030,medium_negative,-0.1190819890244202,0.18359375
sample_000286_mirrored.png,medium_y_negative_003__000030,medium_positive,0.1190819890244202,0.18359375
sample_000287_original.png,run_20260720_210122__000284,centre,0.03133704227471502,0.18704427083333333
sample_000288_mirrored.png,run_20260720_210122__000284,centre,-0.03133704227471502,0.18704427083333333
sample_000289_original.png,run_20260720_210122__000268,centre,0.024677780439268868,0.18704427083333333
sample_000290_mirrored.png,run_20260720_210122__000268,centre,-0.024677780439268868,0.18704427083333333
sample_000291_original.png,run_20260720_210122__000319,centre,0.03173789738109277,0.18548177083333334
sample_000292_mirrored.png,run_20260720_210122__000319,centre,-0.03173789738109277,0.18548177083333334
sample_000293_original.png,medium_y_positive_003__000023,medium_positive,0.09948807242531446,0.19453125
sample_000294_mirrored.png,medium_y_positive_003__000023,medium_negative,-0.09948807242531446,0.19453125
sample_000295_original.png,run_20260720_210122__000083,centre,-0.030578901182930423,0.1859375
sample_000296_mirrored.png,run_20260720_210122__000083,centre,0.030578901182930423,0.1859375
sample_000297_original.png,run_20260720_210122__000183,centre,0.009794415168042452,0.1845703125
sample_000298_mirrored.png,run_20260720_210122__000183,centre,-0.009794415168042452,0.1845703125
sample_000299_original.png,medium_y_positive_003__000022,medium_positive,0.10740296945631879,0.19427083333333334
sample_000300_mirrored.png,medium_y_positive_003__000022,medium_negative,-0.10740296945631879,0.19427083333333334
sample_000301_original.png,run_20260720_210122__000138,centre,-0.0036388853061124216,0.184765625
sample_000302_mirrored.png,run_20260720_210122__000138,centre,0.0036388853061124216,0.184765625
sample_000303_original.png,recovery_y_negative_005__000011,strong_negative,-0.5031681660586184,0.1916015625
sample_000304_mirrored.png,recovery_y_negative_005__000011,strong_positive,0.5031681660586184,0.1916015625
sample_000305_original.png,recovery_y_positive_005__000081,medium_negative,-0.07395493609350433,0.20436197916666668
sample_000306_mirrored.png,recovery_y_positive_005__000081,medium_positive,0.07395493609350433,0.20436197916666668
sample_000307_original.png,recovery_y_negative_005__000055,centre,-0.026498950502407626,0.18951822916666666
sample_000308_mirrored.png,recovery_y_negative_005__000055,centre,0.026498950502407626,0.18951822916666666
sample_000309_original.png,recovery_y_negative_005__000015,strong_negative,-0.40795034732458724,0.18971354166666668
sample_000310_mirrored.png,recovery_y_negative_005__000015,strong_positive,0.40795034732458724,0.18971354166666668
sample_000311_original.png,medium_y_positive_003__000018,medium_positive,0.14243311852029283,0.1939453125
sample_000312_mirrored.png,medium_y_positive_003__000018,medium_negative,-0.14243311852029283,0.1939453125
sample_000313_original.png,run_20260720_210122__000242,centre,0.027819651477741746,0.18424479166666666
sample_000314_mirrored.png,run_20260720_210122__000242,centre,-0.027819651477741746,0.18424479166666666
sample_000315_original.png,recovery_y_negative_005__000016,strong_negative,-0.3882167504268622,0.189453125
sample_000316_mirrored.png,recovery_y_negative_005__000016,strong_positive,0.3882167024432488,0.189453125
sample_000317_original.png,run_20260720_210122__000291,centre,0.0325140803115173,0.18717447916666666
sample_000318_mirrored.png,run_20260720_210122__000291,centre,-0.0325140803115173,0.18717447916666666
sample_000319_original.png,recovery_y_positive_005__000080,medium_negative,-0.07243155233515133,0.20364583333333333
sample_000320_mirrored.png,recovery_y_positive_005__000080,medium_positive,0.07243155233515133,0.20364583333333333
sample_000321_original.png,recovery_y_positive_005__000017,strong_positive,0.29506812905365565,0.20266927083333333
sample_000322_mirrored.png,recovery_y_positive_005__000017,strong_negative,-0.29506817703726906,0.20266927083333333
sample_000323_original.png,recovery_y_positive_005__000031,medium_positive,0.11386655411630306,0.20813802083333333
sample_000324_mirrored.png,recovery_y_positive_005__000031,medium_negative,-0.11386655411630306,0.20813802083333333
sample_000325_original.png,medium_y_positive_003__000019,medium_positive,0.1335344614472779,0.19420572916666667
sample_000326_mirrored.png,medium_y_positive_003__000019,medium_negative,-0.1335344614472779,0.19420572916666667
sample_000327_original.png,recovery_y_negative_005__000041,medium_negative,-0.09436553379274765,0.18938802083333334
sample_000328_mirrored.png,recovery_y_negative_005__000041,medium_positive,0.09436553379274765,0.18938802083333334
sample_000329_original.png,recovery_y_positive_005__000079,medium_negative,-0.07177427279874214,0.20442708333333334
sample_000330_mirrored.png,recovery_y_positive_005__000079,medium_positive,0.07177427279874214,0.20442708333333334
sample_000331_original.png,run_20260720_210122__000095,centre,-0.030215761196688288,0.18430989583333332
sample_000332_mirrored.png,run_20260720_210122__000095,centre,0.030215761196688288,0.18430989583333332
sample_000333_original.png,run_20260720_210122__000340,centre,0.03297136414725826,0.18743489583333334
sample_000334_mirrored.png,run_20260720_210122__000340,centre,-0.03297136414725826,0.18743489583333334
sample_000335_original.png,recovery_y_negative_005__000064,centre,-0.0008040134261988993,0.189453125
sample_000336_mirrored.png,recovery_y_negative_005__000064,centre,0.0008040134261988993,0.189453125
sample_000337_original.png,run_20260720_210122__000328,centre,0.03216427976980149,0.187109375
sample_000338_mirrored.png,run_20260720_210122__000328,centre,-0.03216427976980149,0.187109375
sample_000339_original.png,recovery_y_negative_005__000044,medium_negative,-0.07602888383205582,0.1888671875
sample_000340_mirrored.png,recovery_y_negative_005__000044,medium_positive,0.07602888383205582,0.1888671875
sample_000341_original.png,medium_y_positive_003__000021,medium_positive,0.11558954970641706,0.19407552083333332
sample_000342_mirrored.png,medium_y_positive_003__000021,medium_negative,-0.11558954970641706,0.19407552083333332
sample_000343_original.png,run_20260720_210122__000303,centre,0.03514895649076258,0.1853515625
sample_000344_mirrored.png,run_20260720_210122__000303,centre,-0.03514895649076258,0.1853515625
sample_000345_original.png,recovery_y_negative_005__000005,strong_negative,-0.7792905411630306,0.19993489583333332
sample_000346_mirrored.png,recovery_y_negative_005__000005,strong_positive,0.7792905411630306,0.19993489583333332
sample_000347_original.png,run_20260720_210122__000217,centre,0.023957258500393083,0.18665364583333333
sample_000348_mirrored.png,run_20260720_210122__000217,centre,-0.023957258500393083,0.18665364583333333
sample_000349_original.png,medium_y_negative_003__000029,medium_negative,-0.12581956011694181,0.18365885416666666
sample_000350_mirrored.png,medium_y_negative_003__000029,medium_positive,0.12581956011694181,0.18365885416666666
sample_000351_original.png,run_20260720_210122__000022,centre,-0.02845543435534591,0.183984375
sample_000352_mirrored.png,run_20260720_210122__000022,centre,0.02845543435534591,0.183984375
sample_000353_original.png,run_20260720_210122__000016,centre,-0.035011819323653694,0.183984375
sample_000354_mirrored.png,run_20260720_210122__000016,centre,0.035011819323653694,0.183984375
sample_000355_original.png,run_20260720_210122__000245,centre,0.02635298435043239,0.1845703125
sample_000356_mirrored.png,run_20260720_210122__000245,centre,-0.02635298435043239,0.1845703125
sample_000357_original.png,medium_y_negative_003__000027,medium_negative,-0.13956561778326454,0.1837890625
sample_000358_mirrored.png,medium_y_negative_003__000027,medium_positive,0.13956561778326454,0.1837890625
sample_000359_original.png,run_20260720_210122__000082,centre,-0.030158372795056995,0.18626302083333332
sample_000360_mirrored.png,run_20260720_210122__000082,centre,0.030158372795056995,0.18626302083333332
sample_000361_original.png,run_20260720_210122__000427,centre,0.002346590629913522,0.18444010416666667
sample_000362_mirrored.png,run_20260720_210122__000427,centre,-0.002346590629913522,0.18444010416666667
sample_000363_original.png,recovery_y_negative_005__000065,centre,0.0020215496327142296,0.18958333333333333
sample_000364_mirrored.png,recovery_y_negative_005__000065,centre,-0.0020215496327142296,0.18958333333333333
sample_000365_original.png,medium_y_positive_003__000004,strong_positive,0.41283431143130894,0.20690104166666667
sample_000366_mirrored.png,medium_y_positive_003__000004,strong_negative,-0.41283431143130894,0.20690104166666667
sample_000367_original.png,recovery_y_positive_005__000032,medium_positive,0.10425706779431997,0.20833333333333334
sample_000368_mirrored.png,recovery_y_positive_005__000032,medium_negative,-0.10425706779431997,0.20833333333333334
sample_000369_original.png,recovery_y_positive_005__000005,strong_positive,0.6626402656987028,0.20735677083333334
sample_000370_mirrored.png,recovery_y_positive_005__000005,strong_negative,-0.6626403136823162,0.20735677083333334
sample_000371_original.png,run_20260720_210122__000172,centre,0.00927523247101022,0.183203125
sample_000372_mirrored.png,run_20260720_210122__000172,centre,-0.00927523247101022,0.183203125
sample_000373_original.png,medium_y_negative_003__000032,medium_negative,-0.10706554868686124,0.1833984375
sample_000374_mirrored.png,medium_y_negative_003__000032,medium_positive,0.10706554868686124,0.1833984375
sample_000375_original.png,run_20260720_210122__000410,centre,0.01656317560927673,0.184765625
sample_000376_mirrored.png,run_20260720_210122__000410,centre,-0.01656317560927673,0.184765625
sample_000377_original.png,recovery_y_negative_005__000031,strong_negative,-0.17666885088074882,0.18880208333333334
sample_000378_mirrored.png,recovery_y_negative_005__000031,strong_positive,0.17666885088074882,0.18880208333333334
sample_000379_original.png,medium_y_negative_003__000026,medium_negative,-0.1468308166887775,0.18359375
sample_000380_mirrored.png,medium_y_negative_003__000026,medium_positive,0.1468308166887775,0.18359375
sample_000381_original.png,run_20260720_210122__000108,centre,-0.02769163119717964,0.18450520833333334
sample_000382_mirrored.png,run_20260720_210122__000108,centre,0.02769163119717964,0.18450520833333334
sample_000383_original.png,run_20260720_210122__000459,centre,-0.006549475327977595,0.18255208333333334
sample_000384_mirrored.png,run_20260720_210122__000459,centre,0.006549475327977595,0.18255208333333334
sample_000385_original.png,recovery_y_negative_005__000036,medium_negative,-0.13198449476709906,0.18893229166666667
sample_000386_mirrored.png,recovery_y_negative_005__000036,medium_positive,0.13198449476709906,0.18893229166666667
sample_000387_original.png,run_20260720_210122__000460,centre,-0.005899009464671777,0.18255208333333334
sample_000388_mirrored.png,run_20260720_210122__000460,centre,0.005899009464671777,0.18255208333333334
sample_000389_original.png,run_20260720_210122__000061,centre,-0.02402309201798349,0.18665364583333333
sample_000390_mirrored.png,run_20260720_210122__000061,centre,0.02402309201798349,0.18665364583333333
sample_000391_original.png,recovery_y_positive_005__000036,centre,0.0689826821381191,0.2091796875
sample_000392_mirrored.png,recovery_y_positive_005__000036,centre,-0.0689826821381191,0.2091796875
sample_000393_original.png,run_20260720_210122__000341,centre,0.03263413531225432,0.18756510416666666
sample_000394_mirrored.png,run_20260720_210122__000341,centre,-0.03263413531225432,0.18756510416666666
sample_000395_original.png,medium_y_negative_003__000011,strong_negative,-0.3090351992433176,0.18873697916666668
sample_000396_mirrored.png,medium_y_negative_003__000011,strong_positive,0.3090351992433176,0.18873697916666668
sample_000397_original.png,run_20260720_210122__000162,centre,0.0097304050277614,0.1830078125
sample_000398_mirrored.png,run_20260720_210122__000162,centre,-0.0097304050277614,0.1830078125
sample_000399_original.png,medium_y_positive_003__000011,strong_positive,0.2232515347078911,0.19518229166666667
sample_000400_mirrored.png,medium_y_positive_003__000011,strong_negative,-0.22325158269150452,0.19518229166666667
sample_000401_original.png,medium_y_negative_003__000001,strong_negative,-0.4125694898689318,0.15227864583333334
sample_000402_mirrored.png,medium_y_negative_003__000001,strong_positive,0.4125694418853184,0.15227864583333334
sample_000403_original.png,run_20260720_210122__000275,centre,0.02815505693543632,0.18684895833333334
sample_000404_mirrored.png,run_20260720_210122__000275,centre,-0.02815505693543632,0.18684895833333334
sample_000405_original.png,run_20260720_210122__000097,centre,-0.03016825741941824,0.18450520833333334
sample_000406_mirrored.png,run_20260720_210122__000097,centre,0.03016825741941824,0.18450520833333334
sample_000407_original.png,medium_y_negative_003__000062,centre,-0.010910226114141117,0.18430989583333332
sample_000408_mirrored.png,medium_y_negative_003__000062,centre,0.010910226114141117,0.18430989583333332
sample_000409_original.png,run_20260720_210122__000003,medium_negative,-0.056287945441479956,0.1970703125
sample_000410_mirrored.png,run_20260720_210122__000003,medium_positive,0.056287945441479956,0.1970703125
sample_000411_original.png,run_20260720_210122__000388,centre,0.0336256686996364,0.18489583333333334
sample_000412_mirrored.png,run_20260720_210122__000388,centre,-0.0336256686996364,0.18489583333333334
sample_000413_original.png,recovery_y_negative_005__000034,medium_negative,-0.14851312217472484,0.1888671875
sample_000414_mirrored.png,recovery_y_negative_005__000034,medium_positive,0.14851312217472484,0.1888671875
sample_000415_original.png,run_20260720_210122__000420,centre,0.007223837030758648,0.18489583333333334
sample_000416_mirrored.png,run_20260720_210122__000420,centre,-0.007223837030758648,0.18489583333333334
sample_000417_original.png,run_20260720_210122__000091,centre,-0.030581972134188288,0.18470052083333333
sample_000418_mirrored.png,run_20260720_210122__000091,centre,0.030581972134188288,0.18470052083333333
sample_000419_original.png,recovery_y_positive_005__000020,strong_positive,0.24683883954893868,0.20423177083333333
sample_000420_mirrored.png,recovery_y_positive_005__000020,strong_negative,-0.2468387915653253,0.20423177083333333
sample_000421_original.png,recovery_y_negative_005__000039,medium_negative,-0.10867434327707351,0.1888671875
sample_000422_mirrored.png,recovery_y_negative_005__000039,medium_positive,0.10867434327707351,0.1888671875
sample_000423_original.png,run_20260720_210122__000147,centre,0.003191294160279088,0.18424479166666666
sample_000424_mirrored.png,run_20260720_210122__000147,centre,-0.003191294160279088,0.18424479166666666
sample_000425_original.png,recovery_y_negative_005__000092,centre,0.031259884624361245,0.188671875
sample_000426_mirrored.png,recovery_y_negative_005__000092,centre,-0.031259884624361245,0.188671875
sample_000427_original.png,medium_y_positive_003__000038,centre,0.01527462365492335,0.19440104166666666
sample_000428_mirrored.png,medium_y_positive_003__000038,centre,-0.01527462365492335,0.19440104166666666
sample_000429_original.png,medium_y_positive_003__000002,strong_positive,0.3438507655881486,0.1740234375
sample_000430_mirrored.png,medium_y_positive_003__000002,strong_negative,-0.343850813571762,0.1740234375
sample_000431_original.png,recovery_y_positive_005__000086,medium_negative,-0.0749159519027614,0.2041015625
sample_000432_mirrored.png,recovery_y_positive_005__000086,medium_positive,0.0749159519027614,0.2041015625
sample_000433_original.png,medium_y_negative_003__000059,centre,-0.016284486782625788,0.18385416666666668
sample_000434_mirrored.png,medium_y_negative_003__000059,centre,0.016284486782625788,0.18385416666666668
sample_000435_original.png,recovery_y_positive_005__000023,strong_positive,0.2050689121462264,0.20520833333333333
sample_000436_mirrored.png,recovery_y_positive_005__000023,strong_negative,-0.20506896012983983,0.20520833333333333
sample_000437_original.png,recovery_y_negative_005__000002,strong_negative,-0.7340894255248256,0.1787109375
sample_000438_mirrored.png,recovery_y_negative_005__000002,strong_positive,0.7340894015330188,0.1787109375
sample_000439_original.png,recovery_y_positive_005__000044,centre,0.016059251701306995,0.20963541666666666
sample_000440_mirrored.png,recovery_y_positive_005__000044,centre,-0.016059251701306995,0.20963541666666666
sample_000441_original.png,recovery_y_negative_005__000026,strong_negative,-0.2324007622101022,0.18880208333333334
sample_000442_mirrored.png,recovery_y_negative_005__000026,strong_positive,0.2324007622101022,0.18880208333333334
sample_000443_original.png,medium_y_negative_003__000058,centre,-0.018177728233097483,0.18391927083333334
sample_000444_mirrored.png,medium_y_negative_003__000058,centre,0.018177728233097483,0.18391927083333334
sample_000445_original.png,run_20260720_210122__000089,centre,-0.03107908236905464,0.1849609375
sample_000446_mirrored.png,run_20260720_210122__000089,centre,0.03107908236905464,0.1849609375
sample_000447_original.png,medium_y_positive_003__000008,strong_positive,0.27612842103970126,0.19752604166666668
sample_000448_mirrored.png,medium_y_positive_003__000008,strong_negative,-0.27612842103970126,0.19752604166666668
sample_000449_original.png,medium_y_negative_003__000031,medium_negative,-0.11302482556996855,0.18372395833333333
sample_000450_mirrored.png,medium_y_negative_003__000031,medium_positive,0.11302482556996855,0.18372395833333333
sample_000451_original.png,run_20260720_210122__000189,centre,0.01266690620086478,0.18541666666666667
sample_000452_mirrored.png,run_20260720_210122__000189,centre,-0.01266690620086478,0.18541666666666667
sample_000453_original.png,recovery_y_positive_005__000056,medium_negative,-0.03430857148560338,0.20716145833333333
sample_000454_mirrored.png,recovery_y_positive_005__000056,medium_positive,0.03430857148560338,0.20716145833333333
sample_000455_original.png,run_20260720_210122__000353,centre,0.03365119598196738,0.18795572916666667
sample_000456_mirrored.png,run_20260720_210122__000353,centre,-0.03365119598196738,0.18795572916666667
sample_000457_original.png,recovery_y_positive_005__000077,medium_negative,-0.07046662336625394,0.2046875
sample_000458_mirrored.png,recovery_y_positive_005__000077,medium_positive,0.07046662336625394,0.2046875
sample_000459_original.png,run_20260720_210122__000281,centre,0.030036782318691037,0.18763020833333333
sample_000460_mirrored.png,run_20260720_210122__000281,centre,-0.030036782318691037,0.18763020833333333
sample_000461_original.png,recovery_y_negative_005__000004,strong_negative,-0.8205805244685719,0.17864583333333334
sample_000462_mirrored.png,recovery_y_negative_005__000004,strong_positive,0.8205804404972484,0.17864583333333334
sample_000463_original.png,medium_y_negative_003__000033,medium_negative,-0.10127411848344144,0.1833984375
sample_000464_mirrored.png,medium_y_negative_003__000033,medium_positive,0.10127411848344144,0.1833984375
sample_000465_original.png,recovery_y_positive_005__000082,medium_negative,-0.07378708941381683,0.20416666666666666
sample_000466_mirrored.png,recovery_y_positive_005__000082,medium_positive,0.07378708941381683,0.20416666666666666
sample_000467_original.png,medium_y_negative_003__000006,strong_negative,-0.4331944303692512,0.19837239583333333
sample_000468_mirrored.png,medium_y_negative_003__000006,strong_positive,0.4331944303692512,0.19837239583333333
sample_000469_original.png,recovery_y_positive_005__000006,strong_positive,0.5999536094425609,0.20494791666666667
sample_000470_mirrored.png,recovery_y_positive_005__000006,strong_negative,-0.5999536574261743,0.20494791666666667
sample_000471_original.png,recovery_y_positive_005__000029,medium_positive,0.1335694894850629,0.20774739583333332
sample_000472_mirrored.png,recovery_y_positive_005__000029,medium_negative,-0.1335694894850629,0.20774739583333332
sample_000473_original.png,recovery_y_positive_005__000022,strong_positive,0.21808408341317806,0.20455729166666667
sample_000474_mirrored.png,recovery_y_positive_005__000022,strong_negative,-0.21808408341317806,0.20455729166666667
sample_000475_original.png,medium_y_negative_003__000017,strong_negative,-0.2285892798465753,0.18606770833333333
sample_000476_mirrored.png,medium_y_negative_003__000017,strong_positive,0.22858932783018868,0.18606770833333333
sample_000477_original.png,medium_y_positive_003__000017,medium_positive,0.15208137560190646,0.1939453125
sample_000478_mirrored.png,medium_y_positive_003__000017,medium_negative,-0.15208137560190646,0.1939453125
sample_000479_original.png,medium_y_negative_003__000049,centre,-0.03898658992359473,0.18365885416666666
sample_000480_mirrored.png,medium_y_negative_003__000049,centre,0.03898658992359473,0.18365885416666666
sample_000481_original.png,run_20260720_210122__000184,centre,0.009935774893130897,0.18483072916666668
sample_000482_mirrored.png,run_20260720_210122__000184,centre,-0.009935774893130897,0.18483072916666668
sample_000483_original.png,medium_y_positive_003__000025,medium_positive,0.08525622865688876,0.19446614583333333
sample_000484_mirrored.png,medium_y_positive_003__000025,medium_negative,-0.08525622865688876,0.19446614583333333
sample_000485_original.png,run_20260720_210122__000254,centre,0.02390908295253538,0.18600260416666667
sample_000486_mirrored.png,run_20260720_210122__000254,centre,-0.02390908295253538,0.18600260416666667
sample_000487_original.png,run_20260720_210122__000062,centre,-0.02325813725309552,0.18671875
sample_000488_mirrored.png,run_20260720_210122__000062,centre,0.02325813725309552,0.18671875
sample_000489_original.png,medium_y_positive_003__000006,strong_positive,0.32783124431874017,0.20078125
sample_000490_mirrored.png,medium_y_positive_003__000006,strong_negative,-0.32783119633512675,0.20078125
sample_000491_original.png,run_20260720_210122__000203,centre,0.017850096120774372,0.18665364583333333
sample_000492_mirrored.png,run_20260720_210122__000203,centre,-0.017850096120774372,0.18665364583333333
sample_000493_original.png,recovery_y_positive_005__000063,medium_negative,-0.05156040791445558,0.2060546875
sample_000494_mirrored.png,recovery_y_positive_005__000063,medium_positive,0.05156040791445558,0.2060546875
sample_000495_original.png,run_20260720_210122__000218,centre,0.023552660672169812,0.18704427083333333
sample_000496_mirrored.png,run_20260720_210122__000218,centre,-0.023552660672169812,0.18704427083333333
sample_000497_original.png,run_20260720_210122__000455,centre,-0.006092095525009827,0.18274739583333333
sample_000498_mirrored.png,run_20260720_210122__000455,centre,0.006092095525009827,0.18274739583333333
sample_000499_original.png,recovery_y_negative_005__000014,strong_negative,-0.42949081516865667,0.19010416666666666
sample_000500_mirrored.png,recovery_y_negative_005__000014,strong_positive,0.42949086315227003,0.19010416666666666
sample_000501_original.png,medium_y_positive_003__000042,centre,0.0008599623194280661,0.19427083333333334
sample_000502_mirrored.png,medium_y_positive_003__000042,centre,-0.0008599623194280661,0.19427083333333334
sample_000503_original.png,medium_y_negative_003__000025,medium_negative,-0.15452614070484474,0.18365885416666666
sample_000504_mirrored.png,medium_y_negative_003__000025,medium_positive,0.15452614070484474,0.18365885416666666
sample_000505_original.png,recovery_y_negative_005__000063,centre,-0.0028442766681407235,0.189453125
sample_000506_mirrored.png,recovery_y_negative_005__000063,centre,0.0028442766681407235,0.189453125
sample_000507_original.png,recovery_y_negative_005__000042,medium_negative,-0.08794417471255896,0.18899739583333333
sample_000508_mirrored.png,recovery_y_negative_005__000042,medium_positive,0.08794417471255896,0.18899739583333333
sample_000509_original.png,recovery_y_positive_005__000051,medium_negative,-0.017374674479166668,0.2083984375
sample_000510_mirrored.png,recovery_y_positive_005__000051,medium_positive,0.017374674479166668,0.2083984375
sample_000511_original.png,recovery_y_negative_005__000008,strong_negative,-0.6089611173425831,0.19622395833333334
sample_000512_mirrored.png,recovery_y_negative_005__000008,strong_positive,0.6089610933507763,0.19622395833333334
sample_000513_original.png,run_20260720_210122__000206,centre,0.019557449052918632,0.18645833333333334
sample_000514_mirrored.png,run_20260720_210122__000206,centre,-0.019557449052918632,0.18645833333333334
sample_000515_original.png,run_20260720_210122__000077,centre,-0.030223342607606132,0.18678385416666668
sample_000516_mirrored.png,run_20260720_210122__000077,centre,0.030223342607606132,0.18678385416666668
sample_000517_original.png,run_20260720_210122__000444,centre,-0.006548611622936321,0.183203125
sample_000518_mirrored.png,run_20260720_210122__000444,centre,0.006548611622936321,0.183203125
sample_000519_original.png,run_20260720_210122__000336,centre,0.0322395180756191,0.1869140625
sample_000520_mirrored.png,run_20260720_210122__000336,centre,-0.0322395180756191,0.1869140625
sample_000521_original.png,run_20260720_210122__000007,medium_negative,-0.04521755002579599,0.1875
sample_000522_mirrored.png,run_20260720_210122__000007,medium_positive,0.04521755002579599,0.1875
sample_000523_original.png,run_20260720_210122__000309,centre,0.03297174801616549,0.18470052083333333
sample_000524_mirrored.png,run_20260720_210122__000309,centre,-0.03297174801616549,0.18470052083333333
sample_000525_original.png,run_20260720_210122__000040,centre,-0.0217883991745283,0.1853515625
sample_000526_mirrored.png,run_20260720_210122__000040,centre,0.0217883991745283,0.1853515625
sample_000527_original.png,recovery_y_negative_005__000019,strong_negative,-0.3346640149002555,0.18893229166666667
sample_000528_mirrored.png,recovery_y_negative_005__000019,strong_positive,0.3346640149002555,0.18893229166666667
sample_000529_original.png,run_20260720_210122__000430,centre,0.00020872871830778303,0.184375
sample_000530_mirrored.png,run_20260720_210122__000430,centre,-0.00020872871830778303,0.184375
sample_000531_original.png,run_20260720_210122__000005,centre,-0.04793716526631289,0.19049479166666666
sample_000532_mirrored.png,run_20260720_210122__000005,centre,0.04793716526631289,0.19049479166666666
sample_000533_original.png,medium_y_negative_003__000051,centre,-0.03308623691774764,0.1837890625
sample_000534_mirrored.png,medium_y_negative_003__000051,centre,0.03308623691774764,0.1837890625
sample_000535_original.png,medium_y_negative_003__000018,strong_negative,-0.2175985372291421,0.18502604166666667
sample_000536_mirrored.png,medium_y_negative_003__000018,strong_positive,0.2175985852127555,0.18502604166666667
sample_000537_original.png,recovery_y_negative_005__000017,strong_negative,-0.36940559051321736,0.18951822916666666
sample_000538_mirrored.png,recovery_y_negative_005__000017,strong_positive,0.36940559051321736,0.18951822916666666
sample_000539_original.png,run_20260720_210122__000285,centre,0.030978700649813288,0.1873046875
sample_000540_mirrored.png,run_20260720_210122__000285,centre,-0.030978700649813288,0.1873046875
sample_000541_original.png,recovery_y_positive_005__000073,medium_negative,-0.06672649263585888,0.20540364583333334
sample_000542_mirrored.png,recovery_y_positive_005__000073,medium_positive,0.06672649263585888,0.20540364583333334
sample_000543_original.png,recovery_y_positive_005__000059,medium_negative,-0.04250542022897012,0.20638020833333334
sample_000544_mirrored.png,recovery_y_positive_005__000059,medium_positive,0.04250542022897012,0.20638020833333334
sample_000545_original.png,recovery_y_positive_005__000026,medium_positive,0.16776827446319773,0.2072265625
sample_000546_mirrored.png,recovery_y_positive_005__000026,medium_negative,-0.16776827446319773,0.2072265625
sample_000547_original.png,run_20260720_210122__000165,centre,0.009860152718406054,0.1830078125
sample_000548_mirrored.png,run_20260720_210122__000165,centre,-0.009860152718406054,0.1830078125
sample_000549_original.png,run_20260720_210122__000363,centre,0.03747760124926297,0.187109375
sample_000550_mirrored.png,run_20260720_210122__000363,centre,-0.03747760124926297,0.187109375
sample_000551_original.png,run_20260720_210122__000376,centre,0.038937070834561716,0.18509114583333333
sample_000552_mirrored.png,run_20260720_210122__000376,centre,-0.038937070834561716,0.18509114583333333
sample_000553_original.png,recovery_y_positive_005__000021,strong_positive,0.23228780878414898,0.20442708333333334
sample_000554_mirrored.png,recovery_y_positive_005__000021,strong_negative,-0.23228780878414898,0.20442708333333334
sample_000555_original.png,medium_y_positive_003__000031,centre,0.048363739589475235,0.19479166666666667
sample_000556_mirrored.png,medium_y_positive_003__000031,centre,-0.048363739589475235,0.19479166666666667
sample_000557_original.png,run_20260720_210122__000325,centre,0.03178089069870283,0.1861328125
sample_000558_mirrored.png,run_20260720_210122__000325,centre,-0.03178089069870283,0.1861328125
sample_000559_original.png,run_20260720_210122__000338,centre,0.032492199783805034,0.18717447916666666
sample_000560_mirrored.png,run_20260720_210122__000338,centre,-0.032492199783805034,0.18717447916666666
sample_000561_original.png,medium_y_negative_003__000009,strong_negative,-0.3475152741438188,0.19153645833333333
sample_000562_mirrored.png,medium_y_negative_003__000009,strong_positive,0.3475152741438188,0.19153645833333333
sample_000563_original.png,run_20260720_210122__000296,centre,0.03406337522110849,0.18619791666666666
sample_000564_mirrored.png,run_20260720_210122__000296,centre,-0.03406337522110849,0.18619791666666666
sample_000565_original.png,medium_y_positive_003__000013,strong_positive,0.19621123307905858,0.19440104166666666
sample_000566_mirrored.png,medium_y_positive_003__000013,strong_negative,-0.19621123307905858,0.19440104166666666
sample_000567_original.png,recovery_y_positive_005__000074,medium_negative,-0.06785564302648388,0.20553385416666667
sample_000568_mirrored.png,recovery_y_positive_005__000074,medium_positive,0.06785564302648388,0.20553385416666667
sample_000569_original.png,medium_y_positive_003__000010,strong_positive,0.23861320063752947,0.19583333333333333
sample_000570_mirrored.png,medium_y_positive_003__000010,strong_negative,-0.23861315265391608,0.19583333333333333
sample_000571_original.png,medium_y_positive_003__000003,strong_positive,0.45341578069722877,0.22584635416666668
sample_000572_mirrored.png,medium_y_positive_003__000003,strong_negative,-0.45341578069722877,0.22584635416666668
sample_000573_original.png,recovery_y_positive_005__000002,strong_positive,0.6131246314858491,0.17786458333333333
sample_000574_mirrored.png,recovery_y_positive_005__000002,strong_negative,-0.6131246794694625,0.17786458333333333
sample_000575_original.png,recovery_y_positive_005__000076,medium_negative,-0.06950579949145047,0.205078125
sample_000576_mirrored.png,recovery_y_positive_005__000076,medium_positive,0.06950579949145047,0.205078125
sample_000577_original.png,recovery_y_positive_005__000008,strong_positive,0.5082408017332449,0.20247395833333334
sample_000578_mirrored.png,recovery_y_positive_005__000008,strong_negative,-0.5082408017332449,0.20247395833333334
sample_000579_original.png,medium_y_negative_003__000003,strong_negative,-0.5852624665266313,0.22721354166666666
sample_000580_mirrored.png,medium_y_negative_003__000003,strong_positive,0.5852624665266313,0.22721354166666666
sample_000581_original.png,recovery_y_positive_005__000034,medium_positive,0.08614843596452437,0.20904947916666666
sample_000582_mirrored.png,recovery_y_positive_005__000034,medium_negative,-0.08614843596452437,0.20904947916666666
sample_000583_original.png,run_20260720_210122__000029,centre,-0.02470705044344536,0.18372395833333333
sample_000584_mirrored.png,run_20260720_210122__000029,centre,0.02470705044344536,0.18372395833333333
sample_000585_original.png,run_20260720_210122__000252,centre,0.02303434168017885,0.1857421875
sample_000586_mirrored.png,run_20260720_210122__000252,centre,-0.02303434168017885,0.1857421875
sample_000587_original.png,run_20260720_210122__000215,centre,0.02261035847214033,0.18665364583333333
sample_000588_mirrored.png,run_20260720_210122__000215,centre,-0.02261035847214033,0.18665364583333333
sample_000589_original.png,run_20260720_210122__000360,centre,0.034970073579992135,0.18802083333333333
sample_000590_mirrored.png,run_20260720_210122__000360,centre,-0.034970073579992135,0.18802083333333333
sample_000591_original.png,run_20260720_210122__000125,centre,-0.013518903240467768,0.18463541666666666
sample_000592_mirrored.png,run_20260720_210122__000125,centre,0.013518903240467768,0.18463541666666666
sample_000593_original.png,run_20260720_210122__000216,centre,0.023807165757665096,0.1865234375
sample_000594_mirrored.png,run_20260720_210122__000216,centre,-0.023807165757665096,0.1865234375
sample_000595_original.png,run_20260720_210122__000288,centre,0.032010732206908414,0.18723958333333332
sample_000596_mirrored.png,run_20260720_210122__000288,centre,-0.032010732206908414,0.18723958333333332
sample_000597_original.png,run_20260720_210122__000111,centre,-0.02485608754667846,0.18489583333333334
sample_000598_mirrored.png,run_20260720_210122__000111,centre,0.02485608754667846,0.18489583333333334
sample_000599_original.png,run_20260720_210122__000294,centre,0.033510124158559355,0.1869140625
sample_000600_mirrored.png,run_20260720_210122__000294,centre,-0.033510124158559355,0.1869140625
sample_000601_original.png,run_20260720_210122__000377,centre,0.038806171537195365,0.18515625
sample_000602_mirrored.png,run_20260720_210122__000377,centre,-0.038806171537195365,0.18515625
sample_000603_original.png,medium_y_positive_003__000043,centre,-0.0017731864497346698,0.19420572916666667
sample_000604_mirrored.png,medium_y_positive_003__000043,centre,0.0017731864497346698,0.19420572916666667
sample_000605_original.png,run_20260720_210122__000115,centre,-0.022783195447621855,0.18489583333333334
sample_000606_mirrored.png,run_20260720_210122__000115,centre,0.022783195447621855,0.18489583333333334
sample_000607_original.png,run_20260720_210122__000238,centre,0.02920637790511989,0.18424479166666666
sample_000608_mirrored.png,run_20260720_210122__000238,centre,-0.02920637790511989,0.18424479166666666
sample_000609_original.png,run_20260720_210122__000144,centre,0.0024220208701847485,0.18444010416666667
sample_000610_mirrored.png,run_20260720_210122__000144,centre,-0.0024220208701847485,0.18444010416666667
sample_000611_original.png,run_20260720_210122__000378,centre,0.03859581137603184,0.18522135416666666
sample_000612_mirrored.png,run_20260720_210122__000378,centre,-0.03859581137603184,0.18522135416666666
sample_000613_original.png,run_20260720_210122__000117,centre,-0.02049898351513365,0.184765625
sample_000614_mirrored.png,run_20260720_210122__000117,centre,0.02049898351513365,0.184765625
sample_000615_original.png,medium_y_negative_003__000008,strong_negative,-0.3704165092804147,0.19322916666666667
sample_000616_mirrored.png,medium_y_negative_003__000008,strong_positive,0.3704165092804147,0.19322916666666667
sample_000617_original.png,recovery_y_positive_005__000055,medium_negative,-0.03187685792551101,0.207421875
sample_000618_mirrored.png,recovery_y_positive_005__000055,medium_positive,0.03187685792551101,0.207421875
sample_000619_original.png,run_20260720_210122__000009,centre,-0.040135221661261794,0.1865234375
sample_000620_mirrored.png,run_20260720_210122__000009,centre,0.040135221661261794,0.1865234375
sample_000621_original.png,medium_y_negative_003__000037,medium_negative,-0.08210533669909591,0.18313802083333333
sample_000622_mirrored.png,medium_y_negative_003__000037,medium_positive,0.08210533669909591,0.18313802083333333
sample_000623_original.png,run_20260720_210122__000174,centre,0.009211990068543632,0.18352864583333334
sample_000624_mirrored.png,run_20260720_210122__000174,centre,-0.009211990068543632,0.18352864583333334
sample_000625_original.png,run_20260720_210122__000080,centre,-0.0312969279739092,0.18606770833333333
sample_000626_mirrored.png,run_20260720_210122__000080,centre,0.0312969279739092,0.18606770833333333
sample_000627_original.png,recovery_y_negative_005__000024,strong_negative,-0.2589188581742581,0.18899739583333333
sample_000628_mirrored.png,recovery_y_negative_005__000024,strong_positive,0.25891890615787144,0.18899739583333333
sample_000629_original.png,recovery_y_positive_005__000065,medium_negative,-0.055248236506240174,0.20540364583333334
sample_000630_mirrored.png,recovery_y_positive_005__000065,medium_positive,0.055248236506240174,0.20540364583333334
sample_000631_original.png,run_20260720_210122__000002,medium_negative,-0.06471463569305227,0.20455729166666667
sample_000632_mirrored.png,run_20260720_210122__000002,medium_positive,0.06471463569305227,0.20455729166666667
sample_000633_original.png,recovery_y_positive_005__000061,medium_negative,-0.04703161851415094,0.20592447916666667
sample_000634_mirrored.png,recovery_y_positive_005__000061,medium_positive,0.04703161851415094,0.20592447916666667
sample_000635_original.png,recovery_y_positive_005__000092,medium_negative,-0.07650919980223074,0.20364583333333333
sample_000636_mirrored.png,recovery_y_positive_005__000092,medium_positive,0.07650919980223074,0.20364583333333333
sample_000637_original.png,medium_y_positive_003__000039,centre,0.011111373421531054,0.19479166666666667
sample_000638_mirrored.png,medium_y_positive_003__000039,centre,-0.011111373421531054,0.19479166666666667
sample_000639_original.png,recovery_y_positive_005__000028,medium_positive,0.14488296988625196,0.20748697916666667
sample_000640_mirrored.png,recovery_y_positive_005__000028,medium_negative,-0.14488296988625196,0.20748697916666667
sample_000641_original.png,run_20260720_210122__000404,centre,0.022031388192806603,0.18509114583333333
sample_000642_mirrored.png,run_20260720_210122__000404,centre,-0.022031388192806603,0.18509114583333333
sample_000643_original.png,recovery_y_negative_005__000010,strong_negative,-0.5360219223694231,0.19518229166666667
sample_000644_mirrored.png,recovery_y_negative_005__000010,strong_positive,0.5360218743858097,0.19518229166666667
sample_000645_original.png,recovery_y_positive_005__000064,medium_negative,-0.05323350054662932,0.205078125
sample_000646_mirrored.png,recovery_y_positive_005__000064,medium_positive,0.05323350054662932,0.205078125
sample_000647_original.png,run_20260720_210122__000046,centre,-0.02264720988723467,0.1861328125
sample_000648_mirrored.png,run_20260720_210122__000046,centre,0.02264720988723467,0.1861328125
sample_000649_original.png,run_20260720_210122__000013,centre,-0.036027440484964625,0.18502604166666667
sample_000650_mirrored.png,run_20260720_210122__000013,centre,0.036027440484964625,0.18502604166666667
sample_000651_original.png,recovery_y_positive_005__000007,strong_positive,0.5492897273609473,0.20358072916666667
sample_000652_mirrored.png,recovery_y_positive_005__000007,strong_negative,-0.5492897273609473,0.20358072916666667
sample_000653_original.png,run_20260720_210122__000199,centre,0.016614518075619103,0.18606770833333333
sample_000654_mirrored.png,run_20260720_210122__000199,centre,-0.016614518075619103,0.18606770833333333
sample_000655_original.png,recovery_y_negative_005__000007,strong_negative,-0.6588783264160156,0.19830729166666666
sample_000656_mirrored.png,recovery_y_negative_005__000007,strong_positive,0.6588783504078223,0.19830729166666666
sample_000657_original.png,run_20260720_210122__000210,centre,0.02291140766263758,0.186328125
sample_000658_mirrored.png,run_20260720_210122__000210,centre,-0.02291140766263758,0.186328125
sample_000659_original.png,medium_y_negative_003__000013,strong_negative,-0.2782276561425167,0.1875
sample_000660_mirrored.png,medium_y_negative_003__000013,strong_positive,0.2782276081589033,0.1875
sample_000661_original.png,run_20260720_210122__000195,centre,0.016190822769261006,0.18567708333333333
sample_000662_mirrored.png,run_20260720_210122__000195,centre,-0.016190822769261006,0.18567708333333333
sample_000663_original.png,recovery_y_positive_005__000038,centre,0.05379721203690055,0.20950520833333333
sample_000664_mirrored.png,recovery_y_positive_005__000038,centre,-0.05379721203690055,0.20950520833333333
sample_000665_original.png,medium_y_positive_003__000009,strong_positive,0.25548097622469534,0.19641927083333333
sample_000666_mirrored.png,medium_y_positive_003__000009,strong_negative,-0.25548097622469534,0.19641927083333333
sample_000667_original.png,run_20260720_210122__000116,centre,-0.021589267178901337,0.184765625
sample_000668_mirrored.png,run_20260720_210122__000116,centre,0.021589267178901337,0.184765625
sample_000669_original.png,run_20260720_210122__000235,centre,0.029448503218356917,0.18444010416666667
sample_000670_mirrored.png,run_20260720_210122__000235,centre,-0.029448503218356917,0.18444010416666667
sample_000671_original.png,run_20260720_210122__000225,centre,0.027456511491499608,0.1857421875
sample_000672_mirrored.png,run_20260720_210122__000225,centre,-0.027456511491499608,0.1857421875
sample_000673_original.png,recovery_y_negative_005__000061,centre,-0.00831450456343357,0.1896484375
sample_000674_mirrored.png,recovery_y_negative_005__000061,centre,0.00831450456343357,0.1896484375
sample_000675_original.png,recovery_y_positive_005__000066,medium_negative,-0.05649609835642689,0.2052734375
sample_000676_mirrored.png,recovery_y_positive_005__000066,medium_positive,0.05649609835642689,0.2052734375
sample_000677_original.png,recovery_y_positive_005__000062,medium_negative,-0.049547207430473666,0.20598958333333334
sample_000678_mirrored.png,recovery_y_positive_005__000062,medium_positive,0.049547207430473666,0.20598958333333334
sample_000679_original.png,medium_y_negative_003__000021,strong_negative,-0.18819067613133844,0.184375
sample_000680_mirrored.png,medium_y_negative_003__000021,strong_positive,0.18819067613133844,0.184375
sample_000681_original.png,medium_y_negative_003__000036,medium_negative,-0.08653671936419025,0.18313802083333333
sample_000682_mirrored.png,medium_y_negative_003__000036,medium_positive,0.08653671936419025,0.18313802083333333
sample_000683_original.png,medium_y_positive_003__000029,centre,0.060645049473024765,0.19453125
sample_000684_mirrored.png,medium_y_positive_003__000029,centre,-0.060645049473024765,0.19453125
sample_000685_original.png,medium_y_negative_003__000034,medium_negative,-0.09616587896766902,0.1833984375
sample_000686_mirrored.png,medium_y_negative_003__000034,medium_positive,0.09616587896766902,0.1833984375
sample_000687_original.png,medium_y_negative_003__000016,strong_negative,-0.23878718921973272,0.18834635416666667
sample_000688_mirrored.png,medium_y_negative_003__000016,strong_positive,0.23878718921973272,0.18834635416666667
sample_000689_original.png,recovery_y_positive_005__000070,medium_negative,-0.06314432396079009,0.20533854166666668
sample_000690_mirrored.png,recovery_y_positive_005__000070,medium_positive,0.06314432396079009,0.20533854166666668
sample_000691_original.png,recovery_y_positive_005__000060,medium_negative,-0.044589540493563284,0.2060546875
sample_000692_mirrored.png,recovery_y_positive_005__000060,medium_positive,0.044589540493563284,0.2060546875
sample_000693_original.png,run_20260720_210122__000123,centre,-0.015279709917944183,0.18463541666666666
sample_000694_mirrored.png,run_20260720_210122__000123,centre,0.015279709917944183,0.18463541666666666
sample_000695_original.png,run_20260720_210122__000369,centre,0.03934598718799135,0.1869140625
sample_000696_mirrored.png,run_20260720_210122__000369,centre,-0.03934598718799135,0.1869140625
sample_000697_original.png,run_20260720_210122__000448,centre,-0.007014244607409592,0.1830078125
sample_000698_mirrored.png,run_20260720_210122__000448,centre,0.007014244607409592,0.1830078125
sample_000699_original.png,recovery_y_positive_005__000015,strong_positive,0.3308606417673939,0.20169270833333333
sample_000700_mirrored.png,recovery_y_positive_005__000015,strong_negative,-0.3308606417673939,0.20169270833333333
sample_000701_original.png,medium_y_negative_003__000061,centre,-0.01246748630355739,0.18424479166666666
sample_000702_mirrored.png,medium_y_negative_003__000061,centre,0.01246748630355739,0.18424479166666666
sample_000703_original.png,medium_y_negative_003__000007,strong_negative,-0.3984163872101022,0.19557291666666668
sample_000704_mirrored.png,medium_y_negative_003__000007,strong_positive,0.3984163872101022,0.19557291666666668
sample_000705_original.png,run_20260720_210122__000018,centre,-0.033272797206662735,0.18385416666666668
sample_000706_mirrored.png,run_20260720_210122__000018,centre,0.033272797206662735,0.18385416666666668
sample_000707_original.png,medium_y_negative_003__000038,medium_negative,-0.07741321107876376,0.18326822916666666
sample_000708_mirrored.png,medium_y_negative_003__000038,medium_positive,0.07741321107876376,0.18326822916666666
sample_000709_original.png,recovery_y_negative_005__000046,centre,-0.06498516730542453,0.1890625
sample_000710_mirrored.png,recovery_y_negative_005__000046,centre,0.06498516730542453,0.1890625
sample_000711_original.png,run_20260720_210122__000431,centre,0.00016650313851218553,0.18444010416666667
sample_000712_mirrored.png,run_20260720_210122__000431,centre,-0.00016650313851218553,0.18444010416666667
sample_000713_original.png,run_20260720_210122__000272,centre,0.026344155365566037,0.18697916666666667
sample_000714_mirrored.png,run_20260720_210122__000272,centre,-0.026344155365566037,0.18697916666666667
sample_000715_original.png,run_20260720_210122__000312,centre,0.031713233803803066,0.18424479166666666
sample_000716_mirrored.png,run_20260720_210122__000312,centre,-0.031713233803803066,0.18424479166666666
sample_000717_original.png,medium_y_positive_003__000024,medium_positive,0.09217085928287146,0.19446614583333333
sample_000718_mirrored.png,medium_y_positive_003__000024,medium_negative,-0.09217085928287146,0.19446614583333333
sample_000719_original.png,medium_y_positive_003__000005,strong_positive,0.3647116415155759,0.20390625
sample_000720_mirrored.png,medium_y_positive_003__000005,strong_negative,-0.3647115935319625,0.20390625
sample_000721_original.png,medium_y_positive_003__000056,medium_negative,-0.02985041396422956,0.19342447916666666
sample_000722_mirrored.png,medium_y_positive_003__000056,medium_positive,0.02985041396422956,0.19342447916666666
sample_000723_original.png,run_20260720_210122__000417,centre,0.01073642946639151,0.18470052083333333
sample_000724_mirrored.png,run_20260720_210122__000417,centre,-0.01073642946639151,0.18470052083333333
sample_000725_original.png,recovery_y_negative_005__000018,strong_negative,-0.3513287718191087,0.18912760416666666
sample_000726_mirrored.png,recovery_y_negative_005__000018,strong_positive,0.3513287238354953,0.18912760416666666
sample_000727_original.png,recovery_y_negative_005__000006,strong_negative,-0.7208002198417232,0.2015625
sample_000728_mirrored.png,recovery_y_negative_005__000006,strong_positive,0.7208002438335299,0.2015625
sample_000729_original.png,recovery_y_positive_005__000054,centre,-0.028323575385711477,0.207421875
sample_000730_mirrored.png,recovery_y_positive_005__000054,centre,0.028323575385711477,0.207421875
sample_000731_original.png,run_20260720_210122__000188,centre,0.011471634390968946,0.18567708333333333
sample_000732_mirrored.png,run_20260720_210122__000188,centre,-0.011471634390968946,0.18567708333333333
sample_000733_original.png,recovery_y_negative_005__000040,medium_negative,-0.10170136457719144,0.18899739583333333
sample_000734_mirrored.png,recovery_y_negative_005__000040,medium_positive,0.10170136457719144,0.18899739583333333
sample_000735_original.png,medium_y_positive_003__000048,centre,-0.014687688095764545,0.1939453125
sample_000736_mirrored.png,medium_y_positive_003__000048,centre,0.014687688095764545,0.1939453125
sample_000737_original.png,recovery_y_positive_005__000014,strong_positive,0.35026713437254325,0.2017578125
sample_000738_mirrored.png,recovery_y_positive_005__000014,strong_negative,-0.35026718235615667,0.2017578125
sample_000739_original.png,medium_y_negative_003__000035,medium_negative,-0.09107203453591785,0.183203125
sample_000740_mirrored.png,medium_y_negative_003__000035,medium_positive,0.09107203453591785,0.183203125
sample_000741_original.png,recovery_y_positive_005__000083,medium_negative,-0.07408074912784984,0.204296875
sample_000742_mirrored.png,recovery_y_positive_005__000083,medium_positive,0.07408074912784984,0.204296875
sample_000743_original.png,recovery_y_negative_005__000025,strong_negative,-0.24527001530869202,0.18880208333333334
sample_000744_mirrored.png,recovery_y_negative_005__000025,strong_positive,0.2452699673250786,0.18880208333333334
sample_000745_original.png,run_20260720_210122__000364,centre,0.037292672403203615,0.18756510416666666
sample_000746_mirrored.png,run_20260720_210122__000364,centre,-0.037292672403203615,0.18756510416666666
sample_000747_original.png,run_20260720_210122__000025,centre,-0.027744317204697326,0.18359375
sample_000748_mirrored.png,run_20260720_210122__000025,centre,0.027744317204697326,0.18359375
sample_000749_original.png,recovery_y_negative_005__000021,strong_negative,-0.30237224266963936,0.18893229166666667
sample_000750_mirrored.png,recovery_y_negative_005__000021,strong_positive,0.3023722906532528,0.18893229166666667
